{
  "posts": [
    {
      "id": 1,
      "firstName": "Sebastian",
      "lastName": "Eschweiler",
      "email": "sebastian@codingthesmartway.com"
    },
    {
      "id": 2,
      "firstName": "Steve",
      "lastName": "Palmer",
      "email": "steve@codingthesmartway.com"
    },
    {
      "id": 3,
      "firstName": "Ann",
      "lastName": "Smith",
      "email": "ann@codingthesmartway.com"
    }
  ],
  "signupUsers": [
    {
      "FirstName": "Ram",
      "LastName": "Mohan",
      "email": "ram@gmail.com",
      "password": "ram123",
      "id": 1
    },
    {
      "FirstName": "priya",
      "LastName": "ram",
      "email": "priyaram@gmail.com",
      "password": "priya",
      "id": 2
    }
  ],
  "profile": {
    "name": "typicode"
  }
}